Tax,gdppc,doing_business
,,
,35896.57795,
,35574.61783,
,35814.26144,
,36165.61478,
,36072.73142,
,34825.20404,
,35490.18398,
,34437.49417,
,35831.20431,
,40083.20968,
,40172.3172,
,39613.76247,
,39515.8146,
,39553.37407,
,37303.33269,
,37360.47577,
,39495.5578,
,41621.23267,
,39478.49433,
,39767.78939,
,39824.29092,
,38209.19543,
,39113.47165,
,39944.11143,
,39051.99597,
,38669.3749,
,38562.96062,
,37140.02466,
,,
,,
,,
,,
,,
,,
,,
,,
,,
,,
,,
,,
,,
,,
,,
,,
,,
,,
,,
,,
,,
,,
,,
,,
,,
,,
,,
,,
,,
,,
,,
,,
,,
,,
,,
,,
,,
,,
,,
,,
,,
,,
,,
,,
,,
,,
,,
,,
,,
,,
,,
,,
,,
,,
,,
,,
,,
,,
,,
,,
,,
,,
,,
,,
,,
,,
,,
,,
,,
,,
,,
,,
,,
,,
,,
,,
,,
,,
,,
,,
,,
,,
,,
,,
,,
,,
,,
,,
,,
15.9,,22.8
15.9,67293.48276,13.4
15.9,67705.94933,13
15.9,66569.40341,11.2
14.8,63943.18583,11.3
14.8,61688.3803,11.4
14.9,59419.08949,11
14.1,58363.67822,13.4
14.1,57232.61808,12.6
14.1,60769.86103,11.1
14.4,71314.66882,11.6
14.4,78830.27664,13.9
14.4,88086.35738,13
14.4,91798.25991,15.8
,98076.53316,17.5
,97790.1774,18.8
,95894.91443,
,98716.97042,
,102634.9243,
,97753.82842,
,100018.1038,
,104829.0273,
,101754.2957,
,100976.9451,
,99529.78072,
,98224.51647,
,102615.1703,
,105171.4096,
,110432.465,
,,
,,
,,
,,
,,
,,
,,
,,
,,
,,
,,
,,
,,
,,
,,
,,
,,
,,
,,
,,
,,
,,
,,
,,
,,
,,
,,
,,
,,
,,
106,,5.3
106,18932.16647,10.4
106,18584.58,10.8
137.6,19116.90791,11.4
137.4,18797.54795,17.7
119.4,19482.1903,23.2
107.5,19224.8744,15.4
107.4,19629.35185,17.7
107.4,18712.06308,20.7
107.3,17168.37894,16.1
107.3,18436.86247,12.8
107.3,17900.70634,13.6
107.3,16592.26489,15.4
107.3,15518.67851,15.9
,14410.15052,17.3
,13361.40004,13.5
,12412.60599,
,14085.57518,
,14899.87005,
,15186.1302,
,15894.55805,
,15479.37913,
,14485.50768,
,13893.52266,
,14481.1082,
,13861.94618,
,12984.06817,
,12196.41792,
,11334.22261,
,,
,,
,,
,,
,,
,,
,,
,,
,,
,,
,,
,,
,,
,,
,,
,,
,,
,,
,,
,,
,,
,,
,,
,,
,,
,,
,,
,,
,,
,,
42.8,,8.7
41.9,21380.1574,9.1
41.9,20966.46574,9.4
41.9,20063.20423,9.5
41.6,19491.19435,9.8
40.9,18823.76824,10
41,19047.20026,10.5
41,18605.31659,12
41,19212.7199,10.5
41,20942.30105,9.2
46.2,24111.37719,11.1
46.2,24408.18156,11.3
47.6,22606.84092,12
51.5,20289.7107,12.5
,19282.22985,
,18437.5083,
,17591.34024,
,17660.52197,
,18908.49424,
,18102.20351,
,17887.808,
,17543.73187,
,17097.97594,
,16476.33353,
,17683.75147,
,16999.17697,
,16503.17213,
,16585.67124,
,16381.01837,
,,
,,
,,
,,
,,
,,
,,
,,
,,
,,
,,
,,
,,
,,
,,
,,
,,
,,
,,
,,
,,
,,
,,
,,
,,
,,
,,
,,
,,
,,
47.4,,0.7
47.5,44648.70991,0.7
47.6,44493.48089,0.7
47.6,43923.25827,0.7
47.4,43547.19748,0.7
47.3,43118.08613,0.7
47.2,42754.45629,0.7
47.3,41894.17305,0.7
47.6,41464.04007,0.7
47.8,41266.86638,0.8
50,41331.52797,0.8
50.1,40680.18963,0.8
51.1,39445.13292,1.8
52.1,38928.04076,1.9
,38225.69371,2.1
,37183.68457,2
,36553.96461,
,35578.64207,
,35377.72955,
,34443.86618,
,33174.90765,
,32055.38506,
,31179.30787,
,30412.07805,
,29646.41927,
,28815.46298,
,27969.06612,
,28185.7529,
,28658.36589,
,,
,,
,,
,,
,,
,,
,,
,,
,,
,,
,,
,,
,,
,,
,,
,,
,,
,,
,,
,,
,,
,,
,,
,,
,,
,,
,,
,,
,,
,,
51.5,,4.8
51.8,45436.68582,5.1
51.6,44464.35027,5.2
51.7,44304.96776,5.3
51.7,44320.50201,5.5
51.9,44301.10403,4.8
52.3,44551.61757,4.9
50.8,44452.73275,5.2
51.3,43336.19785,5.2
51.6,42656.85416,5.1
51.1,44441.78853,5.1
51.1,43939.42529,5.4
51.1,42498.00733,5.6
57.2,41282.87999,5.7
,40652.8107,6
,39816.77412,6.1
,39638.02687,
,39186.337,
,38844.40471,
,37666.41162,
,36443.70926,
,35222.25938,
,34539.08559,
,33791.80147,
,32964.10161,
,32314.97087,
,32411.80246,
,32098.49154,
,31341.90238,
,,
,,
,,
,,
,,
,,
,,
,,
,,
,,
,,
,,
,,
,,
,,
,,
,,
,,
,,
,,
,,
,,
,,
,,
,,
,,
,,
,,
,,
,,
57.7,,5.4
57.1,42658.57617,5.6
58.7,42083.6443,5
58.4,41708.21234,5
58.4,41360.39558,5.2
58,40928.13661,5.3
58.2,41046.48119,5.3
57.7,41248.72534,5.5
57.3,41085.91894,5.7
55.2,40355.57312,5.6
55.9,41619.34008,5.5
57.9,41623.44174,5.6
59.9,40532.27304,5.8
60.1,39802.97227,11.1
,39201.52716,11.3
,37990.71331,11.1
,37856.86471,
,37361.71844,
,37188.64369,
,35971.85042,
,34813.86215,
,34212.48829,
,33068.39538,
,32613.40784,
,31920.55613,
,31018.13959,
,31441.97729,
,31093.86107,
,30647.82135,
,,
,,
,,
,,
,,
,,
,,
,,
,,
,,
,,
,,
,,
,,
,,
,,
,,
,,
,,
,,
,,
,,
,,
,,
,,
,,
,,
,,
,,
,,
13.8,,1.1
13.8,43290.70452,1
13.5,43642.97257,1.2
13.5,43926.47404,0.8
13.5,43837.34406,0.8
13.5,42680.20134,1
13.5,40960.33318,0.8
13.5,40164.58274,0.9
13.5,40570.53569,0.6
14.7,40717.18041,0.5
14.7,42218.14849,0.6
14.7,42755.4262,0.7
,42673.08063,
,43201.80669,
,43355.30565,
,43187.49918,
,43147.49638,
,43887.07119,
,44942.36902,
,44562.3398,
,44315.45925,
,43624.15943,
,43504.5116,
,42896.71425,
,42334.37561,
,43499.08919,
,39506.17879,
,37996.64308,
,35113.33294,
,,
,,
,,
,,
,,
,,
,,
,,
,,
,,
,,
,,
,,
,,
,,
,,
,,
,,
,,
,,
,,
,,
,,
,,
,,
,,
,,
,,
,,
,,
31.5,,11.4
31.5,27717.8473,13.8
33.8,27613.51794,13.8
33.8,28407.12582,10.8
41.1,28456.81653,10.2
48.5,28871.35826,10.4
44.6,29395.61972,10.3
44.6,28941.02823,10.6
42.9,29221.99118,10.7
42.9,29263.80325,8.5
42.9,31080.15801,9.8
42.9,32409.68704,10.3
,32565.70703,
,32401.13972,
,31990.34987,
,32391.31379,
,33505.41317,
,33271.18322,
,32990.76145,
,32142.34177,
,30362.39197,
,29307.06201,
,29036.65595,
,28221.967,
,27455.0334,
,27081.17517,
,27508.44527,
,29152.33566,
,30991.96834,
,,
,,
,,
,,
,,
,,
,,
,,
,,
,,
,,
,,
,,
,,
,,
,,
,,
,,
,,
,,
,,
,,
,,
,,
,,
,,
,,
,,
,,
,,
,,
,,
,,
,,
,,
,50669.31477,
,52137.30037,
,54984.51039,
,56395.0078,
,57151.91913,
,60675.98209,
,60117.45991,
,58784.59329,
,56017.19162,
,55452.63888,
,54549.80116,
,53096.92549,
,54245.14964,
,51140.23684,
,47199.84145,
,45911.6865,
,44514.10942,
,42816.96324,
,41999.25946,
,40518.40782,
,40557.22016,
,39584.32986,
,39322.10918,
,40553.25852,
,,
,,
,,
,,
,,
,,
,,
,,
,,
,,
,,
,,
,,
,,
,,
,,
,,
,,
,,
,,
,,
,,
,,
,,
,,
,,
,,
,,
,,
,,
35.3,,7.3
35.3,16869.29344,7.6
34.7,16744.64236,7.7
34.7,16460.15411,7.1
34.6,16360.55461,7.6
34.6,16408.31751,7.2
34.7,16460.67146,7.2
35,16472.0832,7.6
,16424.9281,
,16446.09461,
,17197.60169,
,17249.15055,
,17018.57123,
,16166.15108,
,15600.34818,
,15430.97978,
,15147.95896,
,15071.54115,
,15486.51706,
,14877.29079,
,14882.76036,
,14400.15937,
,13800.31417,
,13323.08335,
,13105.561,
,12672.08408,
,12562.33359,
,13552.65526,
,14153.3882,
,,
,,
,,
,,
,,
,,
,,
,,
,,
,,
,,
,,
,,
,,
,,
,,
,,
,,
,,
,,
,,
,,
,,
,,
,,
,,
,,
,,
,,
,,
8,,1.2
8,71809.25058,1.1
8,71788.78323,1.5
8,74600.1643,1.2
15.8,76089.28657,10.4
15.8,79070.24593,10
15.4,81993.93208,10.7
16.7,82434.88309,11.9
15.7,80552.86447,13.6
30.1,79512.75501,9.9
37.4,81905.65813,9.2
37.4,84503.53876,9.1
37.4,85424.55836,8.9
,82967.11276,
,83942.21941,
,84970.73553,
,84125.44059,
,82596.77622,
,82049.58086,
,81476.15172,
,80813.33691,
,83138.22352,
,86411.96446,
,86116.01773,
,84607.17457,
,84290.36664,
,86423.28356,
,84879.79213,
,84672.3915,
,,
,,
,,
,,
,,
,,
,,
,,
,,
,,
,,
,,
,,
,,
,,
,,
,,
,,
,,
,,
,,
,,
,,
,,
,,
,,
,,
,,
,,
,,
20.5,,0.3
20.9,44017.59091,0.4
21,43238.2596,0.4
21.1,43149.47584,0.4
21.1,43079.14252,0.4
19.9,42339.37888,0.4
20.1,41794.53892,0.4
20.7,41565.27122,0.4
22,40699.35513,0.4
42.3,39924.1959,0.4
44.1,41611.25081,0.4
44.3,41647.38781,0.8
45,41203.3504,0.8
47.5,40471.26053,0.9
,39604.35486,0.9
,38805.67111,0.6
,38500.31708,
,37712.12824,
,37431.91698,
,35903.15453,
,34424.05206,
,33425.81513,
,32394.57787,
,32226.22694,
,31646.81026,
,30578.44562,
,30115.28124,
,30220.36078,
,31299.65457,
,,
,,
,,
,,
,,
,,
,,
,,
,,
,,
,,
,,
,,
,,
,,
,,
,,
,,
,,
,,
,,
,,
,,
,,
,,
,,
,,
,,
,,
,,
28.8,,2.3
28.8,57410.16586,2.3
28.8,57421.5485,2.3
28.8,57264.1574,2.3
28.8,57218.02793,2.3
28.8,56535.74005,2.3
29.4,56149.67086,2.3
28.9,56183.83259,2.4
28.8,55866.30507,2.4
28.7,54805.57929,2.3
27.8,56755.83813,2.4
27.9,56269.1565,2.4
27.6,54531.9937,2.5
28.8,52770.46893,9
,51505.09237,8.9
,50459.50291,8.9
,50815.15316,
,51117.88744,
,50775.97634,
,49128.03357,
,48540.27293,
,47271.35553,
,46301.83304,
,46256.97059,
,46344.26035,
,46129.44181,
,46610.1898,
,47147.53929,
,48181.75578,
,,
,,
,,
,,
,,
,,
,,
,,
,,
,,
,,
,,
,,
,,
,,
,,
,,
,,
,,
,,
,,
,,
,,
,,
,,
,,
,,
,,
,,
,,
,,
,,
,,
,,
,,
,,
,,
,,
,,
,,
,,
,,
,,
,,
,,
,,
,,
,,
,,
,,
,,
,,
,,
,,
,,
,,
,,
,,
,,
,,
,,
,,
,,
,,
,,
,,
,,
,,
,,
,,
,,
,,
,,
,,
,,
,,
,,
,,
,,
,,
,,
,,
,,
,,
,,
,,
,,
,,
,,
29.9,22516.60786,5.9
28.9,22195.27437,5.9
27.7,21998.30715,5.9
27.7,21330.23991,7
24.5,20437.70453,7.6
24.5,19442.05032,9.3
24.8,18547.46153,9.4
25.1,19031.61643,10
25.1,18572.56839,11.1
25.1,17890.59972,12.3
25.3,17007.57982,12.8
,16258.38895,12.5
,15332.29703,14.6
,14895.54019,
,14613.80387,
,14315.42606,
,13758.91443,
,13991.42305,
,13587.50678,
,12819.8977,
,12172.25856,
,11336.78427,
,10956.11456,
,10437.98489,
,9538.654631,
,8991.846477,
,,
,,
,,
,,
,,
,,
,,
,,
,,
,,
,,
,,
,,
,,
,,
,,
,,
,,
,,
,,
,,
,,
,,
,,
,,
,,
,,
,,
,,
,,
34,,5.7
33,22767.03719,5.9
31.4,22614.39367,5.9
,,
,,
,,
,,
,,
,,
,,
,27907.86617,
,,
,,
,,
,,
,,
,,
,,
,,
,,
,,
,,
,,
,,
,,
,,
,,
,,
,,
,,
,,
,,
,,
,,
,,
,,
,,
,,
,,
,,
,,
,,
,,
,,
,,
,,
,,
,,
,,
,,
,,
,,
,,
,,
,,
,,
,,
,,
,,
,,
,,
,,
,,
,52993.39683,
,52172.83515,
,51065.15272,
,50322.09537,
,49693.51481,
,49789.12519,
,50004.90187,
,50381.67008,
,52959.66132,
,58527.81389,
,60384.0825,
,60231.64835,
,59251.51081,
,57191.39381,
,58246.43766,
,58750.92877,
,59665.32407,
,61627.0992,
,63897.02463,
,65182.13176,
,,
,,
,,
,,
,,
,,
,,
,,
,,
,,
,,
,,
,,
,,
,,
,,
,,
,,
,,
,,
,,
,,
,,
,,
,,
,,
,,
,,
,,
,,
,,
,,
,,
,,
,,
,,
,,
,,
22.2,,11.9
22.7,32415.13223,12.4
24.2,31442.44029,12.2
24,30549.29713,12.5
22.5,29786.36565,13
21.9,29879.75907,12.6
21.6,31690.90625,12.4
21.6,33192.59298,13.1
21.7,33941.35595,12.6
20.6,34387.56917,11.7
20.6,35960.58362,14.1
,35503.18394,
,34599.24667,
,33663.06905,
,32925.14492,
,31910.13753,
,31519.92645,
,30835.1078,
,30085.9673,
,28761.27984,
,27745.22915,
,26690.13668,
,26393.99663,
,26465.26463,
,24845.4975,
,23951.5765,
,24366.44639,
,22873.3142,
,23300.82439,
,,
,,
,,
,,
,,
,,
,,
,,
,,
,,
,,
,,
,,
,,
,,
,,
,,
,,
,,
,,
,,
,,
,,
,,
,,
,,
,,
,,
,,
,,
46.1,,1
46.1,32605.90633,1
46.1,31338.87521,5.7
46.5,30605.42052,6.7
46.5,29119.61661,6.9
45.6,28379.74612,7
45.7,28527.13873,8.1
45.7,28797.41796,8.1
45.4,28352.9494,9.3
46.4,27803.58716,9.2
47.7,29373.10923,9.6
47.7,28844.06719,10.6
48.2,27473.62712,8.9
48.7,25781.20471,9.5
,24233.59699,10.8
,23107.20388,10
,22297.22475,
,21892.48253,
,21193.90171,
,20269.69866,
,19962.96129,
,20009.83181,
,20107.85346,
,19270.69939,
,18130.89102,
,17624.68478,
,17632.09962,
,17739.9967,
,20023.13599,
,,
,,
,,
,,
,,
,,
,,
,,
,,
,,
,,
,,
,,
,,
,,
,,
,,
,,
,,
,,
,,
,,
,,
,,
,,
,,
,,
,,
,,
,,
49,,6.7
48.9,45229.24529,7
48.9,44431.82284,6.8
48.8,43937.94713,7
48.8,43560.61924,8.9
49.1,42914.47611,5
45.9,42822.0994,5
45.6,42692.51976,4.8
47,40428.72103,5
43.9,38784.45248,4.9
49.4,40989.44311,5.8
49,40473.52745,5.8
47.4,39143.16624,5.3
47.7,37703.93294,4.9
,37418.0925,6.1
,36977.34601,6.1
,37262.35129,
,37325.05255,
,36764.56293,
,35755.29931,
,35081.30421,
,34405.51921,
,33830.30566,
,33653.12964,
,33175.70858,
,32492.51853,
,33022.57555,
,32646.56184,
,31287.06981,
,,
,,
,,
,,
,,
,,
,,
,,
,,
,,
,,
,,
,,
,,
,,
,,
,,
,,
,,
,,
,,
,,
,,
,,
,,
,,
,,
,,
,,
,,
23.8,,0.2
23.8,46682.51472,0.2
24.4,45991.22478,0.2
23.9,45458.69715,0.2
25.4,45057.07417,0.2
25.6,44564.45216,0.2
26.3,44336.81246,0.2
25.7,44403.39415,0
27.5,43998.43667,0
27.6,43382.62546,0
28.5,45865.79596,0
31.3,46373.51666,0
30.8,46159.91374,0
32.6,44567.93131,0
,43670.4453,0
,42645.58313,0
,42595.58722,
,42533.53926,
,42337.71437,
,40945.27924,
,39904.59561,
,39180.68656,
,38101.40552,
,37237.72328,
,36332.21734,
,34609.58309,
,34721.38178,
,34167.71928,
,33785.65014,
,,
,,
,,
,,
,,
,,
,,
,,
,,
,,
,,
,,
,,
,,
,,
,,
,,
,,
,,
,,
,,
,,
,,
,,
,,
,,
,,
,,
,,
,,
47,,4
46.9,34272.36038,4.1
48.7,33320.37272,4.3
49.8,32291.1552,4.4
57.9,31195.40524,4.5
56.9,30678.9173,5
37.6,31109.18746,5
37.6,32068.27093,4.7
55.3,32507.09397,15.1
55.8,32652.51218,15
58.8,34163.94639,14.9
60.7,34329.647,15.1
60.5,33700.85211,16.2
60.4,32901.98773,16.5
,32261.44449,17
,31815.42134,16.8
,31395.27602,
,30950.57323,
,29967.13145,
,28589.30859,
,27473.30696,
,26448.37866,
,25614.3895,
,25051.23368,
,24486.82293,
,24030.97766,
,24407.67554,
,24301.69219,
,23758.7281,
,,
,,
,,
,,
,,
,,
,,
,,
,,
,,
,,
,,
,,
,,
,,
,,
,,
,,
,,
,,
,,
,,
,,
,,
,,
,,
,,
,,
,,
,,
48.7,,1.1
48.7,29481.25181,1.2
48.7,28109.81704,1.2
49.4,27549.58137,1.3
49.4,27113.68592,1.4
49.7,26282.90884,1.5
66.8,25691.99964,1.6
57.8,24543.06747,1.8
48.8,22740.972,1.9
48.4,22187.9264,1.7
48.1,25968.97281,1.7
48.7,27383.46956,2
49.4,25298.64605,5.1
50.6,22807.18275,6.2
,20733.53808,7.5
,19389.44231,8
,17937.83198,
,16803.51868,
,15703.02747,
,14270.99834,
,14436.72895,
,13733.28481,
,12144.59509,
,11361.84624,
,,
,,
,,
,,
,,
,,
,,
,,
,,
,,
,,
,,
,,
,,
,,
,,
,,
,,
,,
,,
,,
,,
,,
,,
,,
,,
,,
,,
,,
,,
,,
,,
,,
,,
,,
37.3,,0.8
38.4,40585.72103,0.8
38.1,39659.16604,0.9
37.9,38941.7636,0.9
40.1,39017.53721,0.9
39.9,39428.31206,0.9
40.6,39912.94136,0.9
39.1,40683.52758,1
40.8,39848.1345,1
47.7,38867.79945,0.9
47.8,42574.64114,1
47.8,42467.261,1
47.7,40546.08073,1.1
49.5,39115.76479,1.2
,38188.25109,1.2
,36852.44392,1.1
,36218.24016,
,35706.15333,
,34887.1788,
,33094.83843,
,31760.2768,
,30205.02044,
,28512.4344,
,27596.41289,
,26583.53333,
,25686.51002,
,26002.07995,
,27047.8399,
,28905.57032,
,,
,,
,,
,,
,,
,,
,,
,,
,,
,,
,,
,,
,,
,,
,,
,,
,,
,,
,,
,,
,,
,,
,,
,,
,,
,,
,,
,,
,,
,,
60.4,,0.7
62.6,38605.6709,0.7
64.1,38062.63973,0.7
64.9,37766.37411,0.8
71.3,37523.72758,0.9
69.8,37350.27827,0.9
69.7,37327.9444,0.9
68,37440.64149,0.9
68,36855.84468,0.9
68,36324.36154,0.9
67.7,37618.20734,1
68.3,37755.29451,1.1
68.2,37113.18341,1.1
68.3,36505.84873,1.2
,36200.07627,1.1
,35479.01035,1.4
,35440.92191,
,35304.73072,
,34880.88182,
,33810.40325,
,32865.04648,
,31853.63066,
,31236.41334,
,30918.06796,
,30396.17548,
,29810.36251,
,30124.36653,
,29797.86241,
,29514.85381,
,,
,,
,,
,,
,,
,,
,,
,,
,,
,,
,,
,,
,,
,,
,,
,,
,,
,,
,,
,,
,,
,,
,,
,,
,,
,,
,,
,,
,,
,,
,,
,,
,,
,,
,,
,,
,,
,,
,,
,,
,,
,,
,,
,,
,,
,,
,,
,,
,,
,,
,,
,,
,,
,,
,,
,,
,,
,,
,,
,,
,,
,,
,,
,,
,,
,,
,,
,,
,,
,,
,,
,,
,,
,,
,,
,,
,,
,,
,,
,,
,,
,,
,,
,,
,,
,,
,,
,,
,,
30,,0
30.7,39753.24389,0
30.9,39309.32708,0.1
32,38839.16696,0.1
33.5,38251.79248,0.3
34.7,37398.79722,0.3
35,36892.85031,0.7
36.2,36607.98109,0.7
36.1,36366.98318,0.7
34.9,36042.42423,0.7
34.2,37903.38193,0.8
34.6,38384.25197,0.8
34.6,37793.6185,0.7
34.7,37159.79896,0.7
,36292.18203,0.9
,35656.178,1
,34669.51824,
,33981.37759,
,33266.11643,
,32205.15089,
,31305.68625,
,30441.83937,
,29335.69611,
,28682.34216,
,28065.18545,
,27085.78766,
,26481.63157,
,26454.40981,
,26827.84226,
,,
,,
,,
,,
,,
,,
,,
,,
,,
,,
,,
,,
,,
,,
,,
,,
,,
,,
,,
,,
,,
,,
,,
,,
,,
,,
,,
,,
,,
,,
,,
,,
,,
,,
,,
,,
,,
,,
,,
,,
,,
,,
,,
,,
,,
,,
,,
,,
,,
,,
,,
,,
,,
,,
,,
,,
,,
,,
,,
,,
,,
,,
,,
,,
,,
,,
,,
,,
,,
,,
,,
,,
,,
,,
,,
,,
,,
,,
,,
,,
,,
,,
,,
,,
,,
,,
,,
,,
,,
51.9,,1.5
51.7,24574.38248,1.5
50.7,24211.74089,2.2
49.6,24170.30184,2.1
50.7,24081.63054,2.2
44,23746.08457,12.1
44.1,24364.26906,20.5
45.9,26141.31959,20.1
46.7,28726.07928,20.7
46.7,30430.41942,20.2
46.7,31881.71235,22.5
48.9,32073.9604,21.1
49.5,31136.44696,21.7
54,29559.28139,22
,29469.5266,32.5
,28119.40736,32.7
,26642.76896,
,25731.20927,
,24839.07591,
,24000.13589,
,23374.15277,
,22622.91379,
,21759.06123,
,21247.0409,
,20907.53901,
,20600.47676,
,21058.96205,
,21072.93327,
,20686.13676,
,,
,,
,,
,,
,,
,,
,,
,,
,,
,,
,,
,,
,,
,,
,,
,,
,,
,,
,,
,,
,,
,,
,,
,,
,,
,,
,,
,,
,,
,,
,,
,,
,,
,,
,,
,,
,,
,,
,,
,,
,,
,,
,,
,,
,,
,,
,,
,,
,,
,,
,,
,,
,,
,,
,,
,,
,,
,,
,,
,,
,,
,,
,,
,,
,,
,,
,,
,,
,,
,,
,,
,,
,,
,,
,,
,,
,,
,,
,,
,,
,,
,,
,,
,,
,,
,,
,,
,,
,,
,,
,,
,,
,,
,,
,,
,,
,,
,,
,,
,,
,,
,,
,,
,,
,,
,,
,,
,,
,,
,,
,,
,,
,,
,,
,,
,,
,,
,,
,,
,,
,,
,,
,,
,,
,,
,,
,,
,,
,,
,,
,,
,,
,,
,,
,,
,,
,,
,,
,,
,,
,,
,,
,,
,,
,,
,,
,,
,,
23,50378.33792,1.9
23,50085.95933,1.9
23,48107.70863,2
23,45390.45286,1.8
24.1,46635.08799,2
24.1,45937.39283,3.1
24.1,43520.46272,3.3
24.1,40922.88508,3.4
,38274.26017,3.4
,35486.59273,2.4
,34366.2671,
,33956.26233,
,34016.64226,
,31875.11733,
,31394.06894,
,33635.9385,
,32271.38367,
,32358.04542,
,32239.85749,
,31097.0888,
,29788.63609,
,28276.77092,
,26974.16489,
,,
,,
,,
,,
,,
,,
,,
,,
,,
,,
,,
,,
,,
,,
,,
,,
,,
,,
,,
,,
,,
,,
,,
,,
,,
,,
,,
,,
,,
,,
22.9,,1.1
22.9,56054.91983,1.1
22.9,54412.92494,0.6
22.8,53591.83582,1.2
22.8,52789.42536,1.4
22.6,51732.44253,0.8
20.5,,6.6
20.6,22828.37215,7.2
20.9,21921.90556,7.4
20,21025.83906,3.4
18.4,20364.41092,3.6
19.3,20299.39128,9.1
21.2,20342.9706,7.1
21.3,20758.46415,8.4
21.5,20182.63478,8.4
20.8,20432.10386,8.1
20.8,22012.08065,10.1
20.8,21565.50413,10.1
20.8,20464.7875,11.5
20.8,19506.05416,12.7
,18748.74504,13.7
,18038.39898,16.3
,17084.86097,
,16232.12827,
,15740.06154,
,14741.51396,
,15055.94604,
,14551.21138,
,13881.29148,
,12619.75676,
,,
,,
,,
,,
,,
,,
,,
,,
,,
,,
,,
,,
,,
,,
,,
,,
,,
,,
,,
,,
,,
,,
,,
,,
,,
,,
,,
,,
,,
,,
,,
,,
,,
,,
,,
40.3,,4.9
46.4,26777.56079,5.4
46.3,25664.136,7.1
48.2,25034.45073,7.5
47.9,24161.42552,8.5
49.2,23119.01697,8.8
49.7,22582.07281,8.9
51.8,22841.21034,7.6
54.5,22404.2392,8.2
56.4,22202.15702,8
56.4,23734.24453,8.4
55.2,23491.74789,17.7
52.9,23353.8502,20.9
53.6,22452.81593,22.4
,21466.22237,22.9
,20397.84488,40.4
,19585.7223,
,18683.98185,
,17951.73552,
,17181.94475,
,16604.18575,
,15892.41754,
,15347.79173,
,15319.2828,
,15073.44729,
,14621.89846,
,14689.86335,
,15148.28617,
,,
,,
,,
,,
,,
,,
,,
,,
,,
,,
,,
,,
,,
,,
,,
,,
,,
,,
,,
,,
,,
,,
,,
,,
,,
,,
,,
,,
,,
,,
,,
,,
,,
,,
,,
,,
,,
,,
,,
,,
,,
,,
,,
,,
,,
,,
,,
,,
,,
,,
,,
,,
,,
,,
,,
,,
,,
,,
,,
,,
,,
,,
,,
,,
,,
,,
,,
,,
,,
,,
,,
,,
,,
,,
,,
,,
,,
,,
,,
,,
,,
,,
,,
,,
,,
,,
,,
,,
,,
,,
26,,0.1
26,67335.29341,0.2
26,63227.20798,0.2
26,60818.04624,0.2
26,48898.32866,0.3
25.9,45470.15851,0.3
25.6,44973.17526,0.3
25.5,45147.37624,0.4
25.4,44030.41415,0.4
25.6,43487.47903,0.3
25.5,46062.62864,0.3
25.4,48937.49415,0.3
25.4,47879.02361,0.3
25.4,46613.55709,5.3
,44940.94648,10.3
,42903.67322,10.4
,42289.06502,
,40455.3012,
,38849.86076,
,35935.79134,
,32854.72152,
,30598.29853,
,28023.12117,
,26199.73073,
,24020.1935,
,22802.5875,
,22315.9676,
,21741.85066,
,21453.2404,
,,
,,
,,
,,
,,
,,
,,
,,
,,
,,
,,
,,
,,
,,
,,
,,
,,
,,
,,
,,
,,
,,
,,
,,
,,
,,
,,
,,
,,
,,
29.4,,1.7
29.7,46482.95829,1.8
30.1,45630.93817,2
30.1,43048.12515,2.2
30.3,41701.13727,2.4
30.3,41259.79596,2.7
31.1,39931.60936,3
30.3,39621.93566,3.3
26.4,38978.0056,2.3
24.4,40377.83351,3
26.1,43334.90052,2.6
26.3,43427.85293,2.7
26.8,40703.03606,3
26.8,39679.03924,2.8
,37890.69771,3
,35369.02149,
,34794.78788,
,34914.54881,
,34044.64902,
,32995.22413,
,32144.76148,
,30359.98771,
,29123.27566,
,,
,,
,,
,,
,,
,,
,,
,,
,,
,,
,,
,,
,,
,,
,,
,,
,,
,,
,,
,,
,,
,,
,,
,,
,,
,,
,,
,,
,,
,,
,,
,,
,,
,,
,,
,,
26.2,,2.8
27,33132.3203,3.2
28.1,32688.4081,3.3
27.9,32024.35277,3.4
26.7,31702.08354,3.5
26.4,31250.80201,4.1
25.6,30582.15371,4
26.8,30558.39128,4.4
27.5,29743.00587,4.3
28.3,28787.49869,4.2
30.1,29082.06885,4.4
32.9,28744.35656,4.4
34.8,27662.34576,5.1
35.5,26761.23046,5.3
,26156.04064,5.5
,25459.08374,5.5
,25725.46735,
,26206.43637,
,26824.70512,
,25462.87485,
,25208.11143,
,24759.60197,
,24489.33596,
,23870.01265,
,22997.03,
,21968.47512,
,21668.21961,
,20814.95641,
,20520.4105,
,,
,,
,,
,,
,,
,,
,,
,,
,,
,,
,,
,,
,,
,,
,,
,,
,,
,,
,,
,,
,,
,,
,,
,,
,,
,,
,,
,,
,,
,,
53.1,,14.1
48,35220.08379,14.1
62,34655.26276,14.3
64.8,34302.0374,14.4
65.2,33945.84388,14.8
65.6,34219.83278,14.7
67.6,35227.62483,16.7
67.6,36347.34248,18.4
67.6,36201.16157,18.7
67.6,35710.42,18
72.5,37954.16066,18.5
75.3,38612.01165,18.7
75.3,38243.80633,20
76.7,37604.36062,20.7
,37434.10009,21.4
,37090.40522,22.1
,37199.35237,
,37162.42334,
,36535.81877,
,35244.75654,
,34709.27281,
,34167.09526,
,33569.06299,
,33152.04099,
,32222.36069,
,31550.27191,
,31841.10915,
,31599.12068,
,31141.90286,
,,
,,
,,
,,
,,
,,
,,
,,
,,
,,
,,
,,
,,
,,
,,
,,
,,
,,
,,
,,
,,
,,
,,
,,
,,
,,
,,
,,
,,
,,
46.7,,7.5
47.4,39002.22332,7.5
48.8,38282.50467,7.5
50.4,37882.98062,7.5
50.3,37337.31741,7.5
48.7,37148.60275,7.5
,36367.59706,
,35774.69671,
,35749.75668,
,34317.67082,
,36278.36947,
,36697.2409,
,36141.58524,
,35658.14867,
,35078.26199,
,34333.13367,
,33888.78348,
,33927.64363,
,33871.85822,
,33010.98092,
,33154.84458,
,33624.48056,
,33345.87683,
,32425.22995,
,31680.53793,
,31476.07477,
,31718.1343,
,31529.57554,
,30582.42797,
,,
,,
,,
,,
,,
,,
,,
,,
,,
,,
,,
,,
,,
,,
,,
,,
,,
,,
,,
,,
,,
,,
,,
,,
,,
,,
,,
,,
,,
,,
49.7,,7
49.7,26028.69169,7.2
49.7,25973.44831,7.2
49.7,25634.37695,7.9
49.7,25352.03769,8.7
51.6,24160.75199,8.7
51.9,23160.35131,9.1
52.5,23575.45298,11.5
52.5,23414.84277,11.3
52.5,24024.27081,11.3
52.5,25135.38414,11.9
52.5,23864.29317,20.7
52.3,24154.52577,24.4
52.3,23758.94998,26.8
,21948.01572,
,21388.6185,
,22467.40875,
,22236.27196,
,21359.68435,
,19583.66257,
,19189.90721,
,19490.82509,
,18444.77827,
,17622.37599,
,16926.62727,
,16276.93308,
,15418.97669,
,14913.18708,
,15263.09727,
,,
,,
,,
,,
,,
,,
,,
,,
,,
,,
,,
,,
,,
,,
,,
,,
,,
,,
,,
,,
,,
,,
,,
,,
,,
,,
,,
,,
,,
,,
33.1,,14.6
33.1,35938.37422,14.6
33.1,35020.41151,14.6
33.2,34177.65447,14.5
33.2,33425.68959,14.5
33.4,32548.71552,14.6
34,31776.89703,14.6
34.1,31228.5107,14.6
30.2,30352.10482,14.7
32.3,28642.8379,14.7
33.9,28588.37212,16.9
31.6,28013.70442,17.1
32.5,26697.03261,18.2
36.8,25516.82419,15.7
,24605.53486,15.7
,23549.36645,18.4
,22997.18714,
,21530.26336,
,20756.7799,
,19216.14147,
,17386.98682,
,18526.58138,
,17655.53145,
,16566.4157,
,15272.29744,
,14126.25352,
,13356.02923,
,12710.59974,
,11632.59856,
,,
,,
,,
,,
,,
,,
,,
,,
,,
,,
,,
,,
,,
,,
,,
,,
,,
,,
,,
,,
,,
,,
,,
,,
,,
,,
,,
,,
,,
,,
13,,2
13,65530.53658,1.7
13,68861.7921,2.8
13,68476.32504,2.3
12.8,70832.36836,2
12.4,74084.52144,1.2
12.4,77618.00034,1.1
10.7,77459.53831,1.2
10.7,75204.14512,1.3
10.7,81922.53712,1
10.7,93698.4616,1.3
10.7,96870.42782,1.6
10.7,96244.33671,1.6
10.7,93469.54314,2.2
,87555.15518,2.4
,80462.60032,2
,69392.77169,
,68472.83109,
,69920.17568,
,69981.56426,
,75940.39605,
,78426.99588,
,80453.95959,
,81017.12409,
,,
,,
,,
,,
,,
,,
,,
,,
,,
,,
,,
,,
,,
,,
,,
,,
,,
,,
,,
,,
,,
,,
,,
,,
,,
,,
,,
,,
,,
,,
,,
,,
,,
,,
,,
,,
,,
,,
,,
,,
,,
,,
,,
,,
,,
,,
,,
,,
,,
,,
,,
,,
,,
,,
,,
,,
,,
,,
,,
,,
,,
,,
,,
,,
,,
,,
,,
,,
,,
,,
,,
,,
,,
,,
,,
,,
,,
,,
,,
,,
,,
,,
,,
,,
,,
,,
,,
,,
,,
,,
,,
,,
,,
,,
42.6,,0.5
42.7,29524.13765,0.6
42.6,28033.75338,0.6
42.6,27045.59672,0.6
42.4,26258.09719,0.2
42.9,25143.80699,0.9
43,24049.25057,1.1
43.1,22854.2339,2.8
45.1,21070.54373,2.8
43.6,20300.41646,2.4
45.6,23567.60137,2.7
46.2,22729.11587,3
47.6,20219.02876,2.8
51.2,18526.653,3.3
,16919.93542,3.7
,15702.46447,4
,14090.49723,
,13092.6735,
,12189.90976,
,11657.78118,
,11708.20957,
,10816.04447,
,9914.317103,
,9357.321917,
,,
,,
,,
,,
,,
,,
,,
,,
,,
,,
,,
,,
,,
,,
,,
,,
,,
,,
,,
,,
,,
,,
,,
,,
,,
,,
,,
,,
,,
,,
,,
,,
,,
,,
,,
20.5,,1.7
20.5,94277.96536,1.7
20.8,94920.95872,1.7
20.6,94088.59223,2
20.6,93655.33416,2
20.4,90656.38042,1.9
20,89505.15896,1.9
19.8,92005.01684,1.9
20,91743.29389,2.1
20,89098.73424,1.8
20,94900.34672,6.5
20,97864.1951,10.8
20.4,91724.18249,11.9
,88610.28987,
,87209.8194,
,85374.33983,
,85032.71188,
,82766.98904,
,81689.8164,
,76492.38825,
,71471.05669,
,68240.70365,
,65369.09583,
,65357.50427,
,65346.19924,
,63804.28576,
,62059.65311,
,61765.60104,
,57618.0207,
,,
,,
,,
,,
,,
,,
,,
,,
,,
,,
,,
,,
,,
,,
,,
,,
,,
,,
,,
,,
,,
,,
,,
,,
,,
,,
,,
,,
,,
,,
36,,1.6
35.9,25063.71085,1.8
35.9,23743.13022,1.8
35.9,23018.6924,1.8
35,22172.13435,4.3
35,21563.60554,1.9
35.8,20827.79967,2.3
37,19773.27745,2.6
37.5,18251.85519,1.5
37.5,18609.23283,2.1
36.6,21384.19854,2.3
36.2,21938.95645,3
36.2,19786.11509,3.5
36.2,17522.17352,4.2
,15658.82311,9.3
,14297.12211,10.1
,13058.68286,
,12051.79729,
,11175.09324,
,10500.16121,
,10149.23698,
,9438.434757,
,8575.267666,
,8283.803416,
,,
,,
,,
,,
,,
,,
,,
,,
,,
,,
,,
,,
,,
,,
,,
,,
,,
,,
,,
,,
,,
,,
,,
,,
,,
,,
,,
,,
,,
,,
,,
,,
,,
,,
,,
,,
,104861.8511,
,97751.73216,
,100444.5936,
,130755.1607,
,135318.7544,
,124568.5999,
,116752.2116,
,98184.64412,
,80121.22302,
,80762.39969,
,79743.38201,
,71160.18036,
,64199.25919,
,60810.59281,
,49153.46679,
,45126.65656,
,42443.30953,
,42225.49708,
,40824.84139,
,42705.36028,
,45673.19472,
,46731.77119,
,47887.11311,
,47307.06358,
,46310.13021,
,44984.80721,
,40680.11764,
,40365.34557,
,,
,,
,,
,,
,,
,,
,,
,,
,,
,,
,,
,,
,,
,,
,,
,,
,,
,,
,,
,,
,,
,,
,,
,,
,,
,,
,,
,,
,,
,,
,,
,,
,,
,,
,,
,,
,,
,,
,,
,,
,,
,,
,,
,,
,,
,,
,,
,,
,,
,,
,,
,,
,,
,,
,,
,,
,,
,,
,,
,,
,,
,,
,,
,,
,,
,,
,,
,,
,,
,,
,,
,,
,,
,,
,,
,,
,,
,,
,,
,,
,,
,,
,,
,,
,,
,,
,,
,,
,,
,,
,,
,,
,,
,,
,,
,,
,,
,,
,,
,,
,,
,,
,,
,,
,,
,,
,,
,,
,,
,,
,,
,,
,,
,,
,,
,,
,,
,,
,,
,,
,,
,,
,,
,,
,,
,,
,,
,,
,,
,,
,,
,,
,,
,,
,,
,,
,,
,,
,,
,,
,,
,,
,,
,,
,,
,,
,,
,,
44,,7.1
43.9,36505.40592,7.4
43.8,35050.82874,12.3
41.5,34079.6901,14.1
41.5,31839.28403,14.6
41.4,30043.61509,15.3
41.4,29125.41401,11.6
41.4,28612.29697,12
,28358.64872,
,27523.22356,
,28431.57144,
,27690.50004,
,26721.98254,
,26337.87303,
,25539.95356,
,25598.55727,
,25128.27697,
,24583.04253,
,24618.61428,
,23206.83596,
,22292.62265,
,21343.97529,
,20432.01095,
,19818.00097,
,18766.38669,
,17929.50988,
,17332.83798,
,16727.88239,
,16172.98307,
,,
,,
,,
,,
,,
,,
,,
,,
,,
,,
,,
,,
,,
,,
,,
,,
,,
,,
,,
,,
,,
,,
,,
,,
,,
,,
,,
,,
,,
,,
,,
,,
,,
,,
,,
,,
,,
,,
,,
,,
,,
,,
,,
,,
,,
,,
,,
,,
,,
,,
,,
,,
,,
,,
,,
,,
,,
,,
,,
,,
,,
,,
,,
,,
,,
,,
,,
,,
,,
,,
,,
,,
,,
,,
,,
,,
,,
,,
,,
,,
,,
,,
,,
,,
,,
,,
,,
,,
,,
,,
,,
,,
,,
,,
,,
,,
,,
,,
,,
,,
,,
,,
,,
,,
,,
,,
,,
,,
,,
,,
,,
,,
,,
,,
,,
,,
,,
,,
,,
,,
,,
,,
,,
,,
,,
,,
,,
,,
,,
,,
,,
,,
,,
,,
,,
,,
,,
,,
,,
,,
,,
,,
,,
,,
,,
,,
,,
,,
40.8,,4.2
40.7,48472.54454,4.4
40.4,47269.63295,4.5
41,46494.36426,4.6
39,45668.44147,5
39.5,45191.48625,5.2
39.2,45411.35235,5.1
39.6,46066.65241,5.5
39.4,45524.66214,5.7
38.5,45125.80592,5.6
38.2,47134.30299,5.9
41.8,46527.61839,6
44.6,44965.885,7.2
47.7,43507.30043,13
,42686.88683,13.2
,41982.92143,13.3
,42062.04727,
,42287.56189,
,41721.69405,
,40312.23648,
,38629.9402,
,37186.06045,
,35837.03074,
,34762.86937,
,33879.30608,
,33103.95579,
,32921.48854,
,32614.90355,
,32090.21105,
,,
,,
,,
,,
,,
,,
,,
,,
,,
,,
,,
,,
,,
,,
,,
,,
,,
,,
,,
,,
,,
,,
,,
,,
,,
,,
,,
,,
,,
,,
37,,0.9
37.7,64800.05733,0.9
39.5,64159.54425,0.9
39.5,64008.28683,0.9
40.4,63419.31478,0.9
40.7,62896.29006,1.6
40.7,63003.4109,1.7
40.7,62145.02615,1.8
40.7,62350.41071,1.8
40.7,62698.28536,1.9
40.7,64586.1779,2.1
41.1,65083.2587,2.3
41.1,63854.11354,2.5
41.1,62864.79647,2.7
,61675.60078,2.9
,59678.44753,3.5
,59482.36596,
,58956.39415,
,58045.06727,
,56608.56513,
,55872.63975,
,54768.94898,
,52302.69134,
,50051.87133,
,48305.7807,
,46243.77986,
,45232.84169,
,43924.62825,
,42813.76496,
,,
,,
,,
,,
,,
,,
,,
,,
,,
,,
,,
,,
,,
,,
,,
,,
,,
,,
,,
,,
,,
,,
,,
,,
,,
,,
,,
,,
,,
,,
34.6,,0.2
34.5,36085.84278,0.3
34.3,35776.57173,0.3
34.3,35309.82372,0.3
34.4,34455.33122,0.3
34.4,33782.10082,0.3
34,33369.26946,0.4
34.4,32734.53667,0.4
34.7,32119.21554,0.4
33.2,32168.77132,0.4
36,31881.12158,0.4
35.5,32657.58008,0.1
35.4,31768.86379,0.2
36.6,31351.83592,0.2
,30689.1868,0.2
,30162.49941,0.2
,29427.59462,
,28500.95264,
,27620.4728,
,27161.39482,
,25956.39195,
,25911.47717,
,25487.01891,
,25052.35446,
,24309.22536,
,23413.18637,
,22229.46594,
,22181.32263,
,23671.27301,
,,
,,
,,
,,
,,
,,
,,
,,
,,
,,
,,
,,
,,
,,
,,
,,
,,
,,
,,
,,
,,
,,
,,
,,
,,
,,
,,
,,
,,
,,
27.4,,3.7
23.9,37960.70919,3.5
23.9,39883.95365,4
23.4,39873.3856,3.2
22.9,40365.27326,2.4
23,41924.8081,2.4
22,43030.17781,2.6
22,42121.43192,3.1
21.6,45335.85252,3.3
21.6,45635.95938,2.2
21.6,44938.94044,3.6
21.6,43034.65665,4.3
20.3,42472.53209,4.5
19.5,41458.37789,4.8
,41551.5734,4.9
,42044.73912,4.9
,44140.90936,
,45400.32532,
,43965.96949,
,41954.7329,
,42063.92578,
,41019.35676,
,38911.97397,
,38316.52914,
,37441.78672,
,37372.32169,
,36821.19478,
,35568.77334,
,35042.13369,
,,
,,
,,
,,
,,
,,
,,
,,
,,
,,
,,
,,
,,
,,
,,
,,
,,
,,
,,
,,
,,
,,
,,
,,
,,
,,
,,
,,
,,
,,
37.2,,5.4
37.2,22287.95908,5.7
37.2,21500.0738,5.8
37.2,20817.55655,6.3
37.2,20017.99438,6.4
37,19377.90562,7.1
40.5,18441.35151,8.7
43.6,17093.83998,9.8
43.8,15628.59224,10.2
43.8,15031.29923,10.1
43.8,15113.25442,11.5
44.7,14006.17277,13
44.1,12735.55702,13.9
43.9,11937.60391,14.4
,11344.2502,14.6
,10749.08912,14.9
,10511.50974,
,10480.58422,
,10624.7885,
,10549.83713,
,10357.3691,
,9846.39118,
,9439.325833,
,9256.733562,
,9285.639613,
,9215.56723,
,8920.71972,
,8417.175393,
,7855.027176,
,,
,,
,,
,,
,,
,,
,,
,,
,,
,,
,,
,,
,,
,,
,,
,,
,,
,,
,,
,,
,,
,,
,,
,,
,,
,,
,,
,,
,,
,,
75.8,,2.9
75.5,13501.42383,2.9
75.5,14148.5079,2.9
75.4,14216.54209,3.3
75.4,12992.08924,3.3
75,12503.14309,3.8
75.2,12871.53112,5.2
72.5,12520.49486,5.8
72.5,11955.40789,5.7
72.5,11980.69261,4.1
72.5,12807.69182,4.6
72.5,13607.74571,4.7
72.5,13552.85119,5.1
72.5,13931.41088,4.7
,13401.02214,4.3
,12849.15778,9.5
,13364.29452,
,12967.52892,
,12304.97524,
,,
,,
,,
,,
,,
,,
,,
,,
,,
,,
,,
,,
,,
,,
,,
,,
,,
,,
,,
,,
,,
,,
,,
,,
,,
,,
,,
,,
,,
,,
,,
,,
,,
,,
,,
,,
,,
,,
,,
,,
40.7,,11.8
40.5,27343.36384,12
40.4,26093.51925,12.1
40.3,25307.24553,12.2
40.1,24355.39527,12.9
40.1,23555.49621,13.1
40.3,23218.1113,13.2
40.1,22850.63885,16
40.6,21770.64444,16.3
42.2,20952.80167,16.7
45.1,20391.90022,17.5
43.4,19563.29763,18.9
43.2,18267.58802,19.2
43.2,17193.52373,19.9
,16605.81843,20.8
,15785.42086,21.3
,15232.13015,
,14920.45973,
,14732.482,
,13943.65519,
,13323.97073,
,12740.79267,
,11975.5672,
,11300.27108,
,10580.10463,
,10069.49509,
,9731.361156,
,9521.780497,
,10276.57333,
,,
,,
,,
,,
,,
,,
,,
,,
,,
,,
,,
,,
,,
,,
,,
,,
,,
,,
,,
,,
,,
,,
,,
,,
,,
,,
,,
,,
,,
,,
63.4,,1.3
63.4,35403.00738,0.8
63.4,35527.67749,1.3
65.8,35314.4295,1.3
66,35066.05686,1.3
49.6,34913.63318,1.4
50.4,34622.06037,1.4
63.1,34195.65107,1.4
63.6,33924.06415,1.6
60.6,33892.84814,1.6
60.6,34379.73772,1.7
57.6,34820.77187,1.7
57.6,35024.71998,1.8
57.6,35375.29983,2.2
,36040.41124,2.2
,33147.79345,2.2
,33150.83801,
,32892.16603,
,31005.17579,
,30105.98484,
,28709.73912,
,27361.9218,
,26332.3433,
,26027.22543,
,25125.79631,
,24341.35256,
,23457.71537,
,22579.09146,
,22227.18449,
,,
,,
,,
,,
,,
,,
,,
,,
,,
,,
,,
,,
,,
,,
,,
,,
,,
,,
,,
,,
,,
,,
,,
,,
,,
,,
,,
,,
,,
,,
39.8,,2
39.8,27936.89609,2.1
39.8,27124.15504,2.1
40.9,26607.83312,2.2
42.3,26023.69785,2.3
42.2,25654.6143,2.4
41.9,25805.84983,2.3
42.6,26780.21491,2.3
42.6,27238.46067,6.5
42.3,26743.19799,6.4
42.5,27590.37495,6.5
42.9,27575.23676,6.7
43.8,26957.63637,7.9
43.8,26593.28555,13.4
,26439.93318,13.5
,26031.64944,12
,26375.96451,
,26318.47816,
,25999.49069,
,25227.38858,
,24420.94811,
,23422.33637,
,22529.92,
,21850.74,
,21026.02091,
,20881.20607,
,21342.85656,
,21096.42846,
,20166.92799,
,,
,,
,,
,,
,,
,,
,,
,,
,,
,,
,,
,,
,,
,,
,,
,,
,,
,,
,,
,,
,,
,,
,,
,,
,,
,,
,,
,,
,,
,,
,,
,,
,,
,,
,,
,,
,,
,,
,,
,,
,,
,,
,,
,,
,,
,,
,,
,,
,,
,,
,,
,,
,,
,,
,,
,,
,,
,,
,,
,,
,,
,,
,,
,,
,,
,,
,,
,,
,,
,,
,,
,,
,,
,,
,,
,,
,,
,,
,,
,,
,,
,,
,,
,,
,,
,,
,,
,,
,,
11.3,,7.1
11.3,116931.9863,6.7
11.3,118222.4269,6.2
11.3,119872.582,5.1
11.3,120860.0676,5.1
11.3,122636.9216,5.1
11.3,125302.08,4.8
11.3,129349.9164,6.1
11.3,125140.8383,7.1
11.3,117064.8597,4.6
11.3,119723.1007,5.7
11.3,118831.6554,5.7
,118585.1575,
,109802.3586,
,116418.2265,
,107615.8955,
,110654.4971,
,108055.0061,
,108323.9039,
,,
,,
,,
,,
,,
,,
,,
,,
,,
,,
,,
,,
,,
,,
,,
,,
,,
,,
,,
,,
,,
,,
,,
,,
,,
,,
,,
,,
,,
,,
,,
,,
,,
,,
,,
,,
,,
,,
,,
,,
15.7,,6.6
15.7,48985.55382,6.8
15.7,50423.01349,6
15,50723.71265,5.7
14.6,49958.44334,5.6
14.6,49537.58573,6.9
14.7,49658.6527,7
14.7,48524.63249,8.8
14.7,45421.22848,10.2
14.7,44481.47176,7.9
14.6,46678.55353,18
14.6,45130.13956,30.2
14.6,45527.2678,70.4
14.9,45538.49797,72
,44390.95763,64.9
,42344.41092,70.7
,39194.77239,
,41472.85334,
,43071.44983,
,41721.7253,
,44251.47394,
,43838.09515,
,44207.12382,
,43980.90039,
,44905.85662,
,45784.8789,
,47702.40165,
,47262.89936,
,42457.11489,
,,
,,
,,
,,
,,
,,
,,
,,
,,
,,
,,
,,
,,
,,
,,
,,
,,
,,
,,
,,
,,
,,
,,
,,
,,
,,
,,
,,
,,
,,
22.4,65386.13546,0.8
26.2,61973.68522,0.9
,59027.01263,1
,54560.54451,1
,51478.68511,
,49851.07927,
,51706.43482,
,48311.29412,
,45901.15086,
,48568.05099,
,46380.88442,
,44921.33766,
,43266.13893,
,40247.50299,
,37008.82397,
,35613.39816,
,34344.6723,
,,
,,
,,
,,
,,
,,
,,
,,
,,
,,
,,
,,
,,
,,
,,
,,
,,
,,
,,
,,
,,
,,
,,
,,
,,
,,
,,
,,
,,
,,
20.6,,0.4
20.3,85535.3832,0.5
19.1,82621.50318,0.6
18,81741.09694,0.6
18,80903.53465,0.6
20.1,78896.6127,0.6
18.4,76285.56992,0.6
23.8,75113.20453,0.7
23.4,72115.8395,0.7
24.1,63697.29143,0.7
24.2,66046.14739,0.9
21.8,68432.68555,0.8
35.4,,9
35.4,57761.75798,9.1
35.4,57245.78322,8.8
40.5,56426.45003,9
40.1,56610.3271,9
40.1,57750.45877,8.7
40.1,60282.54381,8.2
,66053.1105,
,73862.33744,
,78444.72812,
,91087.92413,
,90727.20951,
,85726.80002,
,83600.04794,
,82713.82835,
,80118.52703,
,78148.90154,
,78890.03875,
,75678.5028,
,74921.50739,
,69499.64805,
,65352.68573,
,,
,,
,,
,,
,,
,,
,,
,,
,,
,,
,,
,,
,,
,,
,,
,,
,,
,,
,,
,,
,,
,,
,,
,,
,,
,,
,,
,,
,,
,,
,,
,,
,,
,,
,,
,,
,,
49.7,,1
50.1,30155.15212,1.1
50.1,29212.3782,1.1
50.4,28308.87977,1.5
49.4,27285.28467,1.5
48.7,26580.71785,1.5
49.2,26218.4716,1.8
48.3,25835.00476,1.8
48.9,25159.07755,1.9
48.4,23973.84139,2
47.4,25382.1684,3.3
47.6,24049.98337,4.2
47.6,21712.17836,4.8
50,20020.83759,5
,18756.55395,5.7
,17815.82984,9.4
,16888.94319,
,16152.27108,
,15605.19611,
,15397.74523,
,15445.1404,
,14869.33937,
,14044.65265,
,13183.57921,
,12492.23211,
,11808.75927,
,11632.74526,
,,
,,
,,
,,
,,
,,
,,
,,
,,
,,
,,
,,
,,
,,
,,
,,
,,
,,
,,
,,
,,
,,
,,
,,
,,
,,
,,
,,
,,
,,
,,
,,
31,,0
31,31400.83951,0
31,29930.03704,0
31,29037.74168,0
31,28417.65644,0
31.4,27622.68555,0
32.9,27976.91631,0
32.9,28804.70152,0
33.6,28678.37263,0
35.8,28451.54552,0
34.9,31137.77637,0.1
38.4,30190.72365,8.5
39.2,28389.3382,9.4
39.2,26955.47591,12
,25962.90851,13.5
,24896.11909,14.8
,24222.70577,
,23356.70552,
,22723.32704,
,21881.43619,
,20800.00597,
,20094.45711,
,19091.06757,
,18431.04519,
,,
,,
,,
,,
,,
,,
,,
,,
,,
,,
,,
,,
,,
,,
,,
,,
,,
,,
,,
,,
,,
,,
,,
,,
,,
,,
,,
,,
,,
,,
,,
,,
,,
,,
,,
49.1,,0.5
49.1,46949.28309,0.5
49.1,46568.17715,0.5
49.1,45679.278,0.5
49.1,44167.63187,0.6
52.1,43475.80134,0.6
52.1,43308.21447,0.6
52.1,43755.06044,0.6
52.1,42942.5625,0.6
53.9,40862.97013,0.6
53.8,43466.14184,0.6
53.8,44051.46761,0.6
54.1,42918.01025,0.7
54.1,41227.30871,0.7
,40257.92353,0.7
,38742.68026,0.7
,37980.98005,
,37330.70497,
,36854.86876,
,35245.13771,
,33743.96097,
,32393.4927,
,31498.44038,
,31076.90485,
,30031.82254,
,29058.23558,
,29843.97015,
,30371.40926,
,30933.63273,
,,
,,
,,
,,
,,
,,
,,
,,
,,
,,
,,
,,
,,
,,
,,
,,
,,
,,
,,
,,
,,
,,
,,
,,
,,
,,
,,
,,
,,
,,
,,
,,
,32017.76664,
,32820.08782,
,33640.79577,
,34092.65219,
,35563.84882,
,36340.24464,
,34108.59674,
,32875.27578,
,,
,,
,,
,,
,,
,,
,,
,,
,,
,,
,,
,,
,,
,,
,,
,,
,,
,,
,,
,,
,,
,,
,,
,,
,,
,,
,,
,,
,,
,,
,,
,,
,,
,,
,,
,,
,,
,,
,,
,,
,,
,,
,,
,,
,,
,,
,,
,,
,,
30.1,,13.4
30.1,26656.95252,13.2
30.1,25630.71009,13.4
30.1,24856.5599,14.2
29.8,24221.14426,15.2
25.5,23540.38038,16
23.5,22618.01239,13.8
30,22556.58257,15.4
42,20365.11893,16.8
44.1,19764.80709,19.2
46.6,20064.3024,26.8
48.4,20968.21668,29.7
48.4,19086.45369,32.2
48.4,17812.27995,31.7
,16416.56087,
,16835.77295,
,17687.64112,
,18018.24135,
,18453.10977,
,18340.82816,
,18360.92166,
,17272.09496,
,15608.90136,
,15097.194,
,15448.33633,
,15993.4304,
,15377.31306,
,14415.67098,
,14216.5299,
,,
,,
,,
,,
,,
,,
,,
,,
,,
,,
,,
,,
,,
,,
,,
,,
,,
,,
,,
,,
,,
,,
,,
,,
,,
,,
,,
,,
,,
,,
,,
,,
,,
,,
,,
,,
,,
,,
,,
,,
,,
,,
,,
,,
,,
,,
,,
,,
,,
,,
,,
,,
,,
,,
,,
,,
,,
,,
,,
,,
,,
,,
,,
,,
,,
,,
,,
,,
,,
,,
,,
,,
,,
,,
,,
,,
,,
,,
,,
,,
,,
,,
,,
,,
,,
,,
,,
,,
,,
39.7,,0.7
36.2,28763.07077,0.8
32,29540.8743,0.6
32.2,31524.58863,0.7
32,31181.8212,0.7
31.5,31405.44628,0.8
31,31254.78874,0.7
31,31012.71642,0.8
35,31260.90705,0.8
36.3,30403.81003,0.7
36.3,31951.0206,0.9
35,31047.53484,0.9
39.2,29777.56704,1.1
39.2,26429.34529,1.3
,25007.6684,
,23283.02293,
,20443.87864,
,19021.84964,
,18323.95826,
,17184.48678,
,15936.0419,
,14760.38732,
,13752.91809,
,12871.4601,
,12344.75533,
,11976.32954,
,12220.92965,
,12502.18455,
,12255.41389,
,,
,,
,,
,,
,,
,,
,,
,,
,,
,,
,,
,,
,,
,,
,,
,,
,,
,,
,,
,,
,,
,,
,,
,,
,,
,,
,,
,,
,,
,,
41.8,,22.6
41.8,20551.40942,22.5
41.8,20093.63226,22.5
41.8,19831.4459,21.7
41.8,19827.56499,22.8
41.8,19270.5761,23.5
41.9,18477.37913,24
41.9,17904.74583,24.9
41.9,17082.40466,42.1
41.9,15900.82926,40
43,15307.85795,43.5
71.3,14330.29472,46
71.3,13485.55487,44.2
71.3,12975.75648,43.9
,12080.45626,48.2
,11499.40964,51.3
,11400.22433,
,12358.045,
,12874.76476,
,13175.44318,
,13506.11129,
,13005.63899,
,12066.24967,
,11511.0894,
,11764.79924,
,11047.22672,
,10840.71829,
,10117.19702,
,9840.72007,
,,
,,
,,
,,
,,
,,
,,
,,
,,
,,
,,
,,
,,
,,
,,
,,
,,
,,
,,
,,
,,
,,
,,
,,
,,
,,
,,
,,
,,
,,
43.8,,1
43.8,54225.44612,1.1
44,53399.35917,1.1
43.9,53005.63615,1.1
43.8,51921.98464,1.2
43.8,51003.68599,1.2
,50520.34829,
,49793.71352,
,49374.17889,
,48557.86764,
,50383.84056,
,51011.42503,
,50598.94836,
,49762.2379,
,48597.33736,
,47260.04194,
,46366.57797,
,45977.54999,
,45986.05271,
,44672.54941,
,43166.08185,
,41811.63877,
,40500.79542,
,39476.26582,
,38891.6982,
,37843.57328,
,37321.12904,
,36543.08492,
,37062.13026,
